Name/Step	Scaling	Taxa	Tree length
unscaled	Molecular	62291	6908.397739999869
unscaled_shrunk0.05	Molecular	62272	6899.0687299998635
unscaled_shrunk0.10	Molecular	62239	6895.788289999865
red	RED	62291	5036.834222551443
red_shrunk0.05	RED	62291	5036.834222551443
red_shrunk0.10	RED	62291	5036.834222551443
